{
    "metadata": {
        "normals": 34,
        "uvs": 0,
        "version": 3,
        "type": "Geometry",
        "generator": "io_three",
        "vertices": 80,
        "faces": 86
    },
    "uvs": [],
    "normals": [0,0.765252,-0.643696,0,0.765252,0.643696,0.449782,0.619098,0.643696,0.449782,0.619098,-0.643696,0.727805,0.236457,0.643696,0.727805,0.236457,-0.643696,0.727805,-0.236457,0.643696,0.727805,-0.236457,-0.643696,0.449782,-0.619098,0.643696,0.449782,-0.619098,-0.643696,0,-0.765252,0.643696,0,-0.765252,-0.643696,-0.449782,-0.619098,0.643696,-0.449782,-0.619098,-0.643696,-0.727805,-0.236457,0.643696,-0.727805,-0.236457,-0.643696,-0.727805,0.236457,0.643696,-0.727805,0.236457,-0.643696,-0.449782,0.619098,0.643696,0,0,0.999969,-0.449782,0.619098,-0.643696,0,0,-0.999969,0,0,-1,0,0,1,0.405072,0.557512,0.724601,0.655416,0.212958,0.724601,-0.405072,0.557512,0.724601,-0.655416,0.212958,0.724601,0,-0.689138,0.724601,-0.405072,-0.557512,0.724601,0.655416,-0.212958,0.724601,0,0.689138,0.724601,-0.655416,-0.212958,0.724601,0.405072,-0.557512,0.724601],
    "faces": [33,0,1,3,2,0,1,2,3,33,2,3,5,4,3,2,4,5,33,4,5,7,6,5,4,6,7,33,6,7,9,8,7,6,8,9,33,8,9,11,10,9,8,10,11,33,10,11,13,12,11,10,12,13,33,12,13,15,14,13,12,14,15,33,14,15,17,16,15,14,16,17,33,19,17,28,29,18,16,19,19,33,1,0,18,19,1,0,20,18,33,16,17,19,18,17,16,18,20,33,12,14,57,56,13,15,21,22,33,27,26,36,37,23,19,24,25,33,17,15,27,28,16,14,23,19,33,15,13,26,27,14,12,19,23,33,13,11,25,26,12,10,19,19,33,11,9,24,25,10,8,23,19,33,9,7,23,24,8,6,19,23,33,3,1,20,21,2,1,23,19,33,7,5,22,23,6,4,19,19,33,5,3,21,22,4,2,19,19,33,1,19,29,20,1,18,19,23,33,34,33,43,44,26,27,16,18,33,24,23,33,34,23,19,27,26,33,21,20,30,31,19,23,28,29,33,28,27,37,38,19,23,25,30,33,25,24,34,35,19,23,26,31,33,22,21,31,32,19,19,29,32,33,29,28,38,39,19,19,30,33,33,26,25,35,36,19,19,31,24,33,23,22,32,33,19,19,32,27,33,20,29,39,30,23,19,33,28,32,42,41,40,14,12,10,32,40,49,48,10,8,6,32,48,47,46,6,4,2,32,46,45,44,2,1,18,32,44,43,42,18,16,14,32,42,40,48,14,10,6,32,48,46,44,6,2,18,32,48,44,42,6,18,14,33,31,30,40,41,29,28,10,12,33,38,37,47,48,30,25,4,6,33,35,34,44,45,31,26,18,1,33,32,31,41,42,32,29,12,14,33,39,38,48,49,33,30,6,8,33,36,35,45,46,24,31,1,2,33,33,32,42,43,27,32,14,16,33,30,39,49,40,28,33,8,10,33,37,36,46,47,25,24,2,4,33,54,55,65,64,21,21,31,26,33,10,12,56,55,11,13,22,21,33,8,10,55,54,9,11,21,21,33,6,8,54,53,7,9,21,21,33,0,2,51,50,0,3,21,22,33,4,6,53,52,5,7,21,21,33,2,4,52,51,3,5,21,21,33,18,0,50,59,20,0,22,21,33,16,18,59,58,17,20,21,21,33,14,16,58,57,15,17,21,21,33,61,62,72,71,29,32,15,13,33,51,52,62,61,21,21,32,29,33,58,59,69,68,21,21,33,30,33,55,56,66,65,21,22,24,31,33,52,53,63,62,21,21,27,32,33,59,50,60,69,21,22,28,33,33,56,57,67,66,22,21,25,24,33,53,54,64,63,21,21,26,27,33,50,51,61,60,22,21,29,28,33,57,58,68,67,21,21,30,25,32,79,70,71,9,11,13,32,71,72,73,13,15,17,32,73,74,75,17,20,0,32,75,76,77,0,3,5,32,77,78,79,5,7,9,32,79,71,73,9,13,17,32,73,75,77,17,0,5,32,73,77,79,17,5,9,33,68,69,79,78,30,33,9,7,33,65,66,76,75,31,24,3,0,33,62,63,73,72,32,27,17,15,33,69,60,70,79,33,28,11,9,33,66,67,77,76,24,25,5,3,33,63,64,74,73,27,26,20,17,33,60,61,71,70,28,29,13,11,33,67,68,78,77,25,30,7,5,33,64,65,75,74,26,31,0,20],
    "vertices": [0,1,-0.125,0,1,0.125,0.587785,0.809017,-0.125,0.587785,0.809017,0.125,0.951056,0.309017,-0.125,0.951056,0.309017,0.125,0.951056,-0.309017,-0.125,0.951056,-0.309017,0.125,0.587785,-0.809017,-0.125,0.587785,-0.809017,0.125,-0,-1,-0.125,-0,-1,0.125,-0.587785,-0.809017,-0.125,-0.587785,-0.809017,0.125,-0.951056,-0.309017,-0.125,-0.951056,-0.309017,0.125,-0.951056,0.309017,-0.125,-0.951056,0.309017,0.125,-0.587785,0.809017,-0.125,-0.587785,0.809017,0.125,0,0.927107,0.125,0.54494,0.750045,0.125,0.881731,0.286492,0.125,0.881731,-0.286492,0.125,0.54494,-0.750045,0.125,-0,-0.927107,0.125,-0.54494,-0.750045,0.125,-0.881731,-0.286492,0.125,-0.881731,0.286492,0.125,-0.544939,0.750045,0.125,0,0.927107,0.125,0.54494,0.750045,0.125,0.881731,0.286492,0.125,0.881731,-0.286492,0.125,0.54494,-0.750045,0.125,-0,-0.927107,0.125,-0.54494,-0.750045,0.125,-0.881731,-0.286492,0.125,-0.881731,0.286492,0.125,-0.544939,0.750045,0.125,0,0.927107,0.05963,0.54494,0.750045,0.05963,0.881731,0.286492,0.05963,0.881731,-0.286492,0.05963,0.54494,-0.750045,0.05963,-0,-0.927107,0.05963,-0.54494,-0.750045,0.05963,-0.881731,-0.286492,0.05963,-0.881731,0.286492,0.05963,-0.544939,0.750045,0.05963,0,0.933625,-0.125,0.548771,0.755319,-0.125,0.887931,0.288506,-0.125,0.887931,-0.288506,-0.125,0.548771,-0.755319,-0.125,-0,-0.933625,-0.125,-0.548771,-0.755319,-0.125,-0.887931,-0.288506,-0.125,-0.887931,0.288506,-0.125,-0.548771,0.755319,-0.125,0,0.933625,-0.125,0.548771,0.755319,-0.125,0.887931,0.288506,-0.125,0.887931,-0.288506,-0.125,0.548771,-0.755319,-0.125,-0,-0.933625,-0.125,-0.548771,-0.755319,-0.125,-0.887931,-0.288506,-0.125,-0.887931,0.288506,-0.125,-0.548771,0.755319,-0.125,0,0.933625,-0.068368,0.548771,0.755319,-0.068368,0.887931,0.288506,-0.068368,0.887931,-0.288506,-0.068368,0.548771,-0.755319,-0.068368,-0,-0.933625,-0.068368,-0.548771,-0.755319,-0.068368,-0.887931,-0.288506,-0.068368,-0.887931,0.288506,-0.068368,-0.548771,0.755319,-0.068368],
    "name": "CylinderGeometry.14"
}